<?xml version="1.0" encoding="UTF-8"?>
<project-private xmlns="http://www.netbeans.org/ns/project-private/1">
    <editor-bookmarks xmlns="http://www.netbeans.org/ns/editor-bookmarks/2" lastBookmarkId="0"/>
    <open-files xmlns="http://www.netbeans.org/ns/projectui-open-files/2">
        <group>
            <file>file:/E:/Telkom/Semester_5/Pemograman%20Berorientasi%20Objek/Praktikum/Tubes/Sistem%20Perpustakaan/src/controller/memberCont.java</file>
            <file>file:/E:/Telkom/Semester_5/Pemograman%20Berorientasi%20Objek/Praktikum/Tubes/Sistem%20Perpustakaan/src/View/menuLogin.java</file>
            <file>file:/E:/Telkom/Semester_5/Pemograman%20Berorientasi%20Objek/Praktikum/Tubes/Sistem%20Perpustakaan/src/View/TambahMember.java</file>
            <file>file:/E:/Telkom/Semester_5/Pemograman%20Berorientasi%20Objek/Praktikum/Tubes/Sistem%20Perpustakaan/src/Model/Transaksi.java</file>
            <file>file:/E:/Telkom/Semester_5/Pemograman%20Berorientasi%20Objek/Praktikum/Tubes/Sistem%20Perpustakaan/src/View/Member_View.java</file>
            <file>file:/E:/Telkom/Semester_5/Pemograman%20Berorientasi%20Objek/Praktikum/Tubes/Sistem%20Perpustakaan/src/View/Transaksi_View.java</file>
            <file>file:/E:/Telkom/Semester_5/Pemograman%20Berorientasi%20Objek/Praktikum/Tubes/Sistem%20Perpustakaan/src/View/CetakBuku.java</file>
            <file>file:/E:/Telkom/Semester_5/Pemograman%20Berorientasi%20Objek/Praktikum/Tubes/Sistem%20Perpustakaan/src/controller/transaksiCont.java</file>
            <file>file:/E:/Telkom/Semester_5/Pemograman%20Berorientasi%20Objek/Praktikum/Tubes/Sistem%20Perpustakaan/src/controller/bukuCont.java</file>
            <file>file:/E:/Telkom/Semester_5/Pemograman%20Berorientasi%20Objek/Praktikum/Tubes/Sistem%20Perpustakaan/src/Model/Member.java</file>
            <file>file:/E:/Telkom/Semester_5/Pemograman%20Berorientasi%20Objek/Praktikum/Tubes/Sistem%20Perpustakaan/src/Model/Buku.java</file>
            <file>file:/E:/Telkom/Semester_5/Pemograman%20Berorientasi%20Objek/Praktikum/Tubes/Sistem%20Perpustakaan/src/View/TambahBuku.java</file>
        </group>
    </open-files>
</project-private>
